{
  "enivironment": "UAT",
  "pnrType": "STAFF_PNR",
  "cabinClass": "Y",
  "offLinePayment": "",
  "staffTicketType": "CAT A Subload",
  "noOfPnr": "1",
  "flightNumber": "EK0500",
  "departureDate": "14MAY2020",
  "route": "DXB-BOM",
  "pointOfSale": "DXB",
  "adultPaxCount": "1",
  "childpaxcount": "0",
  "infantonlappaxcount": "0",
  "infantonseatpaxcount": "0",
  "ffp": "",
  "personId": "",
  "mobileNumber": "",
  "emailId": "",
  "milesToSpend": "",
  "specialSSR": "",
  "mealssrindicator": "",
  "formOfPayment": "",
  "ccType": "",
  "ccNumber": "",
  "ccExpiry": "",
  "issueeticketindicator": "true",
  "holdMyFare": "false",
  "docSSR": ""
}